File name,Width (W/d),Height (H/d),Phi,Event No.,Frame rate,No arch [frame],Arch made [frame],Arch break [frame],t_flow [s],t_arch [s],V_flow [mm3],V_arch [mm3],notes,Unnamed: 14
"w2,7_h3,1_ts500_phic_1ml,min_100fps_6",,,,,,,,,,,,,,
,2.7,3.1,,1,100,255,664,676,4.09,0.12,68.16666667,0,temp,
,2.7,3.1,,2,100,676,749,1101,0.73,3.52,12.16666667,58.66666667,temp,
,2.7,3.1,,3,100,1101,2186,2447,10.85,2.61,180.8333333,43.5,temp,
,2.7,3.1,,4,100,2447,2815,3112,3.68,2.97,61.33333333,49.5,temp,
,2.7,3.1,,5,100,3112,3369,4745,2.57,13.76,42.83333333,0,permanent,
,2.7,3.1,,6,100,4745,4793,4816,0.48,0.23,8,3.833333333,temp,
,2.7,3.1,,7,100,4816,5716,,9,,150,0,video ended,
